[
  {
    "x": "1/1",
    "y": 375,
    "s": "系列1"
  },
  {
    "x": "1/1",
    "y": 123,
    "s": "系列2"
  },
  {
    "x": "1/2",
    "y": 200,
    "s": "系列1"
  },
  {
    "x": "1/2",
    "y": 122,
    "s": "系列2"
  },
  {
    "x": "1/3",
    "y": 25,
    "s": "系列1"
  },
  {
    "x": "1/3",
    "y": 231,
    "s": "系列2"
  },
  {
    "x": "1/4",
    "y": 190,
    "s": "系列1"
  },
  {
    "x": "1/4",
    "y": 11,
    "s": "系列2"
  },
  {
    "x": "1/5",
    "y": 90,
    "s": "系列1"
  },
  {
    "x": "1/5",
    "y": 134,
    "s": "系列2"
  },
  {
    "x": "1/6",
    "y": 233,
    "s": "系列1"
  },
  {
    "x": "1/6",
    "y": 155,
    "s": "系列2"
  },
  {
    "x": "1/7",
    "y": 120,
    "s": "系列1"
  },
  {
    "x": "1/7",
    "y": 333,
    "s": "系列2"
  }
]
